carimbo_de_datahora,curso,periodo,idade,genero,cor_raca,voc_participa_de_alguma_iniciao_cientfica,voc_tem_a_conscincia_do_que__uma_iniciao_cientfica_,qual_a_cidade_onde_voc_mora_atualmente,renda_familiar,trabalha,voc_recebe_algum_tipo_de_auxlio_ou_bolsa_da_instituio_moradia_alimentao_permanncia_etc,por_que_voc_escolheu_este_curso_e_o_campus_jardim,em_uma_escala_de_1_a_5_qual_o_seu_nvel_de_satisfao_com_o_curso_at_agora,pensou_desistir,motivos_desistencia,em_uma_escala_de_1_a_5_como_voc_avalia_a_infraestrutura_do_campus_salas_laboratrios_biblioteca,em_uma_escala_de_1_a_5_como_voc_avalia_a_sua_relao_com_os_professores_do_seu_curso,voc_se_sente_parte_da_comunidade_acadmica_do_campus_jardim_sentimento_de_pertencimento,feedback_melhoria,risco_evasao_declarado
10/07/2025 07:46:35,Licenciatura em Ci√™ncia da Computa√ß√£o,5,22,Homem,Branca,Sim,Sim,"Jardim, MS ",Entre 2 e 4 sal√°rios m√≠nimos (R$ 2.825 - R$ 5.648),"N√£o, mas estou procurando",N√£o,"Potencial de carreira / mercado de trabalho, Gratuidade do ensino, Influ√™ncia de amigos ou familiares",4,"Sim, v√°rias vezes","Decep√ß√£o com a qualidade ou conte√∫do do curso, Dificuldade de aprendizado nas disciplinas, Problemas de sa√∫de (f√≠sica ou mental)",4,4,4,"Meus apoio psicol√≥gico, pois temos 1 psic√≥loga que n√£o est√° operando no momento",Sim
10/07/2025 20:14:42,Licenciatura em Ci√™ncia da Computa√ß√£o,5,39,Homem,Indigena,N√£o,Sim,Jardim ,Acima de 6 sal√°rios m√≠nimos (mais de R$ 8.472),"Sim, em per√≠odo integral",N√£o,"Afinidade com a √°rea, Proximidade da minha casa, Gratuidade do ensino",4,"Sim, v√°rias vezes",Decep√ß√£o com a qualidade ou conte√∫do do curso,4,4,4,Conhecer melhor seu p√∫blico.,Sim
10/07/2025 20:18:00,Licenciatura em Ci√™ncia da Computa√ß√£o,5,22,Homem,Branca,N√£o,Sim,Beka vista ms,At√© 1 sal√°rio m√≠nimo (R$ 1.412),"N√£o, mas estou procurando",N√£o,Influ√™ncia de amigos ou familiares,4,"N√£o, nunca",Dificuldade de aprendizado nas disciplinas,3,4,4,Incentivar os alunos e mostrar o que de bom o curso pode oferecer aos alunos ,N√£o
10/07/2025 20:18:00,Licenciatura em Ci√™ncia da Computa√ß√£o,5,26,Mulher,Branca,N√£o,Sim,Jardim,Prefiro n√£o informar,"Sim, em per√≠odo integral",Sim,"Afinidade com a √°rea, Potencial de carreira / mercado de trabalho, Proximidade da minha casa, Gratuidade do ensino, Qualidade reconhecida da institui√ß√£o/curso",5,"N√£o, nunca",N√£o tenho,5,5,5,N√£o sei informar ,N√£o
10/07/2025 20:24:33,Arquitetura e Urbanismo,8,23,Mulher,Branca,N√£o,Sim,Jardim ,At√© 1 sal√°rio m√≠nimo (R$ 1.412),N√£o,Sim,Afinidade com a √°rea,3,"N√£o, nunca","Infraestrutura inadequada (laborat√≥rios, biblioteca, etc.)",1,3,1,Ter transforme p√∫blico para as turmas de gradua√ß√£o visto que o campus √© consideravelmente longe do centro da cidade ,N√£o
10/07/2025 20:27:19,Licenciatura em Ci√™ncia da Computa√ß√£o,3,21,Homem,Parda,N√£o,N√£o,Jardim,At√© 1 sal√°rio m√≠nimo (R$ 1.412),"Sim, em per√≠odo integral",N√£o,"Afinidade com a √°rea, Potencial de carreira / mercado de trabalho, Proximidade da minha casa, Gratuidade do ensino",4,"Sim, v√°rias vezes","Dificuldades financeiras, Dificuldade em conciliar trabalho e estudos",4,5,3,"Mais aux√≠lios, mais apoio aos alunos.",Sim
10/07/2025 20:28:02,Licenciatura em Ci√™ncia da Computa√ß√£o,3,21,Homem,Branca,N√£o,Sim,Jardim,Entre 2 e 4 sal√°rios m√≠nimos (R$ 2.825 - R$ 5.648),"Sim, em meio per√≠odo",N√£o,"Afinidade com a √°rea, Proximidade da minha casa, Influ√™ncia de amigos ou familiares",3,"Sim, algumas vezes","Dificuldade de aprendizado nas disciplinas, Problemas de sa√∫de (f√≠sica ou mental)",3,4,4,Mais disponibilidades de provas para alunos com dificuldades seria melhor,Talvez
10/07/2025 20:28:29,Licenciatura em Ci√™ncia da Computa√ß√£o,3,19,Homem,Branca,N√£o,Sim,Jardim,Acima de 6 sal√°rios m√≠nimos (mais de R$ 8.472),"Sim, em per√≠odo integral",N√£o,"Afinidade com a √°rea, Potencial de carreira / mercado de trabalho, Proximidade da minha casa",5,"N√£o, nunca",Nenhum problema ,5,5,5,Mais tempo de intervalo.,N√£o
10/07/2025 20:30:50,Arquitetura e Urbanismo,8,24,Mulher,Parda,N√£o,Talvez,Jardim ,Entre 2 e 4 sal√°rios m√≠nimos (R$ 2.825 - R$ 5.648),"Sim, em meio per√≠odo",N√£o,Afinidade com a √°rea,3,"Sim, v√°rias vezes","Dificuldades financeiras, Dificuldade em conciliar trabalho e estudos",2,3,2,"Ter um refeit√≥rio, implementar transporte estudantil, e melhorar significativamente a infraestrutura das salas de aulas e laborat√≥rios.",Sim
10/07/2025 20:39:14,Licenciatura em Ci√™ncia da Computa√ß√£o,3,22,Mulher,Branca,N√£o,N√£o,Guia Lopes da Laguna ,Entre 1 e 2 sal√°rios m√≠nimos (R$ 1.413 - R$ 2.824),"Sim, em meio per√≠odo",J√° solicitei e aguardo resposta,Gratuidade do ensino,2,"Sim, v√°rias vezes","Dificuldades financeiras, Dificuldade em conciliar trabalho e estudos, Dificuldade de aprendizado nas disciplinas, Problemas de sa√∫de (f√≠sica ou mental), Falta de apoio da fam√≠lia, Problemas de relacionamento com professores, Problemas de relacionamento com colegas, Infraestrutura inadequada (laborat√≥rios, biblioteca, etc.)",2,3,1,"Oferecer apoio pedag√≥gico, adaptar as atividades. Explicar os conte√∫dos de forma simples de entender",Sim
10/07/2025 20:47:28,Licenciatura em Ci√™ncia da Computa√ß√£o,5,20,Homem,Branca,Sim,Sim,JARDIM,Entre 1 e 2 sal√°rios m√≠nimos (R$ 1.413 - R$ 2.824),"Sim, em per√≠odo integral",N√£o,"Afinidade com a √°rea, Potencial de carreira / mercado de trabalho, Proximidade da minha casa, Gratuidade do ensino",5,"N√£o, nunca",,4,5,3,Focarem em a√ß√µes mais no quesito financeiro do alunos e comida para o noturno.,N√£o
10/07/2025 20:53:10,Licenciatura em Ci√™ncia da Computa√ß√£o,5,26,Transg√™nero,Parda,N√£o,Sim,Jardim ,Entre 1 e 2 sal√°rios m√≠nimos (R$ 1.413 - R$ 2.824),"Sim, em per√≠odo integral",N√£o,Influ√™ncia de amigos ou familiares,4,"Sim, algumas vezes",Dificuldade de aprendizado nas disciplinas,4,5,5,Nada a declarar ,Talvez
10/07/2025 20:59:35,Licenciatura em Ci√™ncia da Computa√ß√£o,5,26,Mulher/Cisg√™nero,Branca,Sim,Sim,Jardim MS,Entre 1 e 2 sal√°rios m√≠nimos (R$ 1.413 - R$ 2.824),"N√£o, mas estou procurando",Sim,Qualidade reconhecida da institui√ß√£o/curso,5,"N√£o, nunca",,3,4,5,"Ter um local para trazermos nossos filhos, refeit√≥rio com alimenta√ß√£o, mais divulga√ß√£o dos projetos e inicia√ß√µes cient√≠ficas.",N√£o
10/07/2025 21:22:24,Licenciatura em Ci√™ncia da Computa√ß√£o,3,39,Mulher/Cisg√™nero,Parda,N√£o,Sim,Guia Lopes da Laguna ,Prefiro n√£o informar,"N√£o, mas estou procurando",Sim,Gratuidade do ensino,3,"Sim, v√°rias vezes","Dificuldades financeiras, Dificuldade em conciliar trabalho e estudos, Dificuldade de aprendizado nas disciplinas, Problemas de relacionamento com colegas",4,4,1,"Dif√≠cil,mesmo com os problemas a ser enfrentado,permanecer no curso vai d√° vontade e necessidade de cada um",Sim
11/07/2025 07:26:45,T√©cnico em Inform√°tica,3,16,Homem,Parda,N√£o,Sim,Jardim,Entre 4 e 6 sal√°rios m√≠nimos (R$ 5.649 - R$ 8.472),N√£o,N√£o,"Afinidade com a √°rea, Potencial de carreira / mercado de trabalho, Qualidade reconhecida da institui√ß√£o/curso",2,"N√£o, nunca",,3,4,5,"Valorizar mais o tempo do aluno, ter a consci√™ncia que a vida do aluno n√£o √© unicamente dentro do if",N√£o
11/07/2025 07:28:34,T√©cnico em Inform√°tica,3,17,Homem,Parda,N√£o,N√£o,Jardim-MS,Entre 1 e 2 sal√°rios m√≠nimos (R$ 1.413 - R$ 2.824),N√£o,Sim,"Potencial de carreira / mercado de trabalho, Gratuidade do ensino, Qualidade reconhecida da institui√ß√£o/curso",4,"Sim, algumas vezes","Dificuldade em conciliar trabalho e estudos, Dificuldade de aprendizado nas disciplinas",4,5,4,"Acredito que diminuir a quantidade de provas e trabalhos em um √∫nico dia, no entanto isso √© normal de praticamente uma faculdade, pra ser sincero, eu n√£o sei o que pode ser feito para melhorar isso, depende muito da maturidade das pessoas em aceitarem o tranco. ",Talvez
11/07/2025 07:38:33,T√©cnico em Inform√°tica,5,16,Homem,Branca,N√£o,Sim,Jardim MS,Entre 2 e 4 sal√°rios m√≠nimos (R$ 2.825 - R$ 5.648),N√£o,N√£o,Influ√™ncia de amigos ou familiares,5,"Sim, algumas vezes",Dificuldade de aprendizado nas disciplinas,4,5,4,N√£o sei,Talvez
11/07/2025 07:40:47,T√©cnico em Edifica√ß√µes,3,16,Homem,Parda,Sim,Sim,Jardim ms ,Entre 1 e 2 sal√°rios m√≠nimos (R$ 1.413 - R$ 2.824),"N√£o, mas estou procurando",N√£o,Potencial de carreira / mercado de trabalho,5,"N√£o, nunca",,5,5,5,Que os professores sejam mais pacientes com os alunos ,N√£o
11/07/2025 07:41:27,T√©cnico em Edifica√ß√µes,3,16,Transg√™nero,Parda,N√£o,Sim,Jardim,Entre 2 e 4 sal√°rios m√≠nimos (R$ 2.825 - R$ 5.648),"Sim, em meio per√≠odo",N√£o,"Potencial de carreira / mercado de trabalho, Qualidade reconhecida da institui√ß√£o/curso",4,"Sim, algumas vezes",Problemas de relacionamento com colegas,3,5,3,Aux√≠lios,Talvez
11/07/2025 07:41:37,Arquitetura e Urbanismo,4,20 anos,Homem,Branca,N√£o,Sim,Guia Lopes da Laguna ,Entre 2 e 4 sal√°rios m√≠nimos (R$ 2.825 - R$ 5.648),"N√£o, mas estou procurando",N√£o,"Afinidade com a √°rea, Gratuidade do ensino",3,"Sim, algumas vezes",Dificuldade em conciliar trabalho e estudos,3,4,3,"Na minha percep√ß√£o, a desist√™ncia de muitos acad√™micos no curso de Arquitetura e Urbanismo est√° relacionada a uma s√©rie de fatores estruturais e pessoais. Um dos principais √© o fato de o curso ser em per√≠odo integral, o que dificulta a perman√™ncia de alunos que precisam trabalhar, cuidar de filhos ou conciliar outras responsabilidades.

Outro ponto cr√≠tico √© a localiza√ß√£o do campus, muitas vezes afastado da √°rea urbana, o que gera um sentimento de isolamento e dificulta o deslocamento di√°rio, principalmente para quem depende de transporte p√∫blico. Al√©m disso, o custo elevado com materiais pode gerar desestimulos m√∫tuos entre os acad√™micos, al√©m da  carga hor√°ria extensa e a alta demanda emocional e f√≠sica tamb√©m contribuem para o esgotamento. Minhas sugest√µes est√£o ligadas √†: 

Uma flexibilidade na carga hor√°ria (modelos h√≠bridos e noturnos), estimular o contato  entre o corpo docente e dicente e mais projetos para integrar o campus a cidade.

",Talvez
11/07/2025 07:42:48,T√©cnico em Inform√°tica,5,16,Homem,Branca,Sim,Sim,Jardim ,Entre 4 e 6 sal√°rios m√≠nimos (R$ 5.649 - R$ 8.472),N√£o,Sim,"Gratuidade do ensino, Influ√™ncia de amigos ou familiares, Qualidade reconhecida da institui√ß√£o/curso",5,"N√£o, nunca",,4,4,5,"Auxilios, apoio particular",N√£o
11/07/2025 07:52:37,T√©cnico em Inform√°tica,3,17,Homem,Parda,Sim,Sim,Guia Lopes da Laguna,Prefiro n√£o informar,"Sim, em meio per√≠odo",N√£o,Afinidade com a √°rea,4,"Sim, algumas vezes","Dificuldade de aprendizado nas disciplinas, Projetos e clubes eu amo participar, mas tem mat√©ria que passa muita atividade e as vezes com prazo curto, a√≠ sobrecarrega por falta de tempo pra muitas coisas",3,4,4,"Dialogar com os alunos que perceberem a dificuldade, reduzir o excesso de listas como as disciplinas de matem√°tica, e focar mais nas disciplinas t√©cnicas",Talvez
11/07/2025 07:56:56,T√©cnico em Edifica√ß√µes,5,17,Mulher/Cisg√™nero,Parda,N√£o,Sim,Jardim ,At√© 1 sal√°rio m√≠nimo (R$ 1.412),"N√£o, mas estou procurando",J√° solicitei e aguardo resposta,Era a √∫nica op√ß√£o de curso que passei,1,"Sim, v√°rias vezes",Dificuldades financeiras,3,2,1,Mais espa√ßos pros alunos ganharem bolsas e n√£o s√≥ os que s√£o indicados pelos professores ,Sim
11/07/2025 07:57:48,T√©cnico em Edifica√ß√µes,5,18,Homem,Preta,N√£o,N√£o,Guia Lopes da laguna ,At√© 1 sal√°rio m√≠nimo (R$ 1.412),N√£o,Sim,Influ√™ncia de amigos ou familiares,4,"N√£o, nunca",,4,4,4,"Acredito que o professor ter uma certa intimidade com a sala j√° ajudaria. Muitas vezes os alunos saem por n√£o gostar do professor, achar o professor chato e coisas do tipo.",N√£o
11/07/2025 08:00:42,T√©cnico em Edifica√ß√µes,5,18,Mulher/Cisg√™nero,Branca,N√£o,N√£o,jardim ms,At√© 1 sal√°rio m√≠nimo (R$ 1.412),"N√£o, mas estou procurando",J√° solicitei e aguardo resposta,Influ√™ncia de amigos ou familiares,3,"Sim, v√°rias vezes","Dificuldade de aprendizado nas disciplinas, Problemas de relacionamento com colegas",3,4,1,ajudar mais os alunos ,Sim
11/07/2025 08:02:34,T√©cnico em Edifica√ß√µes,5,17,Mulher/Cisg√™nero,Branca,N√£o,Sim,Jardim,Entre 2 e 4 sal√°rios m√≠nimos (R$ 2.825 - R$ 5.648),N√£o,Sim,"Potencial de carreira / mercado de trabalho, Qualidade reconhecida da institui√ß√£o/curso",4,"Sim, algumas vezes","Infraestrutura inadequada (laborat√≥rios, biblioteca, etc.), Greve, muito tempo sem aula",4,4,5,"Transporte, falta de merenda. Um grau alto do ensino faz muitas pessoas desistirem no primeiro ano, acredito que a institui√ß√£o devesse deixar um pouco mais f√°cil no come√ßo, para os alunos se acostumarem com a rotina, principalmente para o curso de inform√°tica.",Talvez
11/07/2025 08:07:08,Arquitetura e Urbanismo,8,24,Mulher/Cisg√™nero,Branca,N√£o,Sim,Jardim,Entre 2 e 4 sal√°rios m√≠nimos (R$ 2.825 - R$ 5.648),"Sim, em meio per√≠odo",N√£o,Afinidade com a √°rea,4,"Sim, algumas vezes","Dificuldade em conciliar trabalho e estudos, Problemas de relacionamento com professores, Greve",4,4,4,Ajudaria muito se os problemas pessoais dos professores n√£o afetassem de maneira negativa o semestre dos alunos ,Talvez
11/07/2025 08:08:01,T√©cnico em Edifica√ß√µes,1,14 anos ,Homem,Parda,N√£o,N√£o,Jardim,Entre 2 e 4 sal√°rios m√≠nimos (R$ 2.825 - R$ 5.648),N√£o,Sim,"Potencial de carreira / mercado de trabalho, Qualidade reconhecida da institui√ß√£o/curso",5,"N√£o, nunca",Dificuldade de aprendizado nas disciplinas,4,4,4,Mostrando as vantagens futuras que vai acontecer se n√£o desistirmos ,N√£o
11/07/2025 08:08:15,T√©cnico em Inform√°tica,3,16,Mulher/Cisg√™nero,Branca,N√£o,Talvez,Jardim Ms,Prefiro n√£o informar,"Sim, em meio per√≠odo",N√£o,Qualidade reconhecida da institui√ß√£o/curso,3,"Sim, algumas vezes",,4,4,4,Lanche ,Talvez
11/07/2025 08:09:09,T√©cnico em Inform√°tica,3,16 anos ,Mulher/Cisg√™nero,Branca,N√£o,Talvez,Jardim ms,Prefiro n√£o informar,N√£o,Sim,Influ√™ncia de amigos ou familiares,3,"Sim, algumas vezes","Problemas de relacionamento com professores, Problemas de relacionamento com colegas",3,3,4,Lanche nos intervalos (de gra√ßa) porque muitos alunos n√£o tem tempo de almo√ßar e o hor√°rio que sa√≠mos √© bem tarde.,Talvez
11/07/2025 08:10:13,T√©cnico em Inform√°tica,3,17,Mulher/Cisg√™nero,Parda,N√£o,Sim,Guia Lopes da Laguna ,Entre 1 e 2 sal√°rios m√≠nimos (R$ 1.413 - R$ 2.824),"N√£o, mas estou procurando",Sim,Potencial de carreira / mercado de trabalho,5,"Sim, v√°rias vezes","Dificuldade de aprendizado nas disciplinas, Problemas de sa√∫de (f√≠sica ou mental)",4,5,4,Pedir apoia algu√©m que pode entender a sua situa√ß√£o ,Sim
11/07/2025 08:11:52,T√©cnico em Inform√°tica,5,17,Mulher/Cisg√™nero,Branca,Sim,Talvez,Guia Lopes da Laguna ,Acima de 6 sal√°rios m√≠nimos (mais de R$ 8.472),N√£o,Sim,"Potencial de carreira / mercado de trabalho, Gratuidade do ensino, Qualidade reconhecida da institui√ß√£o/curso",4,"Sim, v√°rias vezes","Decep√ß√£o com a qualidade ou conte√∫do do curso, Dificuldade de aprendizado nas disciplinas, medo de n√£o conseguir passar, tirar boas notas",4,5,5,"mais comprometimento dos professores e paci√™ncia, principalmente com quem est√° come√ßando",Sim
11/07/2025 08:13:23,T√©cnico em Inform√°tica,3,16,Homem,Branca,N√£o,Talvez,Jardim,Entre 1 e 2 sal√°rios m√≠nimos (R$ 1.413 - R$ 2.824),N√£o,Sim,"Potencial de carreira / mercado de trabalho, Era a √∫nica op√ß√£o de curso que passei, Gratuidade do ensino, Influ√™ncia de amigos ou familiares, Qualidade reconhecida da institui√ß√£o/curso",4,"Sim, v√°rias vezes","Dificuldades financeiras, Decep√ß√£o com a qualidade ou conte√∫do do curso, Dificuldade de aprendizado nas disciplinas, Era dificil chegar a escola ",4,3,3,Procure algu√©m que entenda a situa√ß√£o e te ajude com o que precisar ,Sim
11/07/2025 08:14:10,Arquitetura e Urbanismo,1,18,Mulher/Cisg√™nero,Branca,N√£o,Sim,Jardim ,Entre 2 e 4 sal√°rios m√≠nimos (R$ 2.825 - R$ 5.648),"N√£o, mas estou procurando",N√£o,"Afinidade com a √°rea, Gratuidade do ensino, Qualidade reconhecida da institui√ß√£o/curso",5,"N√£o, nunca",,4,5,5,Facilitar o acesso as bolsas estudantis. ,N√£o
11/07/2025 08:15:30,T√©cnico em Edifica√ß√µes,5,18,Homem,Branca,Sim,Sim,Guia Lopes da laguna,Prefiro n√£o informar,"N√£o, mas estou procurando",Sim,"Potencial de carreira / mercado de trabalho, Gratuidade do ensino, Influ√™ncia de amigos ou familiares, Qualidade reconhecida da institui√ß√£o/curso",4,"Sim, v√°rias vezes","Dificuldades financeiras, Dificuldade em conciliar trabalho e estudos, Dificuldade de aprendizado nas disciplinas, Problemas de sa√∫de (f√≠sica ou mental), Falta de apoio da fam√≠lia",4,4,5,"Acredito que poderia melhorar a quest√£o do transporte p√∫blico para os alunos de Guia Lopes e outras cidades, em alguns casos, o √¥nibus de Guia Lopes acaba por n√£o poder passar nos pontos, obrigando os alunos a arranjar outro meio para chegar no instituto, tem tamb√©m alguns alunos que precisam contratar van particular para poder estudar aqui.",Sim
11/07/2025 08:15:34,T√©cnico em Inform√°tica,5,17 anos ,Homem,Parda,Sim,Talvez,Jardim ,Entre 2 e 4 sal√°rios m√≠nimos (R$ 2.825 - R$ 5.648),N√£o,N√£o,Qualidade reconhecida da institui√ß√£o/curso,4,"N√£o, nunca",,3,4,3,Incentivar um pensamento positivo nos alunos e estimular de forma humana a superar as adversidades. Um acolhimento melhor com os alunos que nunca viveram a experi√™ncia do IFMS.,N√£o
11/07/2025 08:15:38,T√©cnico em Inform√°tica,5,17,Homem,Preta,Sim,Sim,Jardim ,Entre 2 e 4 sal√°rios m√≠nimos (R$ 2.825 - R$ 5.648),N√£o,N√£o,Influ√™ncia de amigos ou familiares,4,"Sim, algumas vezes","Dificuldade de aprendizado nas disciplinas, Infraestrutura inadequada (laborat√≥rios, biblioteca, etc.)",3,4,5,"Uma coisa que eu senti muito quando entrei foi que n√£o explicaram direito como tudo funciona, pra uma pessoal que veio de uma escola p√∫blica √© um baque quando chegar no campus e percebe essa diferen√ßa gritante. Seria muito bom se a institui√ß√£o se preocupasse mais em rela√ß√£o a esses tipos de alunos.",Talvez
11/07/2025 08:18:01,Arquitetura e Urbanismo,1,17,Mulher/Cisg√™nero,Branca,N√£o,N√£o,Jardim,Acima de 6 sal√°rios m√≠nimos (mais de R$ 8.472),N√£o,N√£o,"Era a √∫nica op√ß√£o de curso que passei, Gratuidade do ensino",4,"N√£o, nunca",,3,4,3,"Adequa√ß√£o de hor√°rios (disponibilidade tanto matutino, diurno e noturno); transporte (vans e √¥nibus); disponibilidade de recursos de qualidade (pranchetas, uso de impressoras, tanto normais quanto 3D, computadores atualizados, mesas e cadeiras grandes que possibilitem desenvolvimento de projetos e esbo√ßos, entre outros); ",N√£o
11/07/2025 08:19:55,T√©cnico em Edifica√ß√µes,3,16,Homem,Parda,N√£o,N√£o,Jardim,Entre 1 e 2 sal√°rios m√≠nimos (R$ 1.413 - R$ 2.824),N√£o,N√£o,Potencial de carreira / mercado de trabalho,5,"N√£o, nunca",,2,5,4,Oferecer m√©todos de avalia√ß√£o adaptados a esses indiv√≠duos.,N√£o
11/07/2025 08:20:56,T√©cnico em Inform√°tica,3,16,Mulher/Cisg√™nero,Branca,N√£o,N√£o,Jardim-MS ,At√© 1 sal√°rio m√≠nimo (R$ 1.412),N√£o,Sim,"Potencial de carreira / mercado de trabalho, Gratuidade do ensino, Influ√™ncia de amigos ou familiares",3,"N√£o, nunca",,3,3,3,Comida,N√£o
11/07/2025 08:26:17,T√©cnico em Inform√°tica,5,16,Mulher/Cisg√™nero,Branca,Sim,Sim,Jardim ,Entre 2 e 4 sal√°rios m√≠nimos (R$ 2.825 - R$ 5.648),N√£o,Sim,Potencial de carreira / mercado de trabalho,4,"Sim, v√°rias vezes","Dificuldade de aprendizado nas disciplinas, Problemas de relacionamento com professores",3,3,4,"Ter realmente professor mais aptos a lidarem com os estudantes e suas dificuldades, apesar de compreender de que aqui querendo ou n√£o √© um ensino superior, por√©m principalmente a quem est√° nos primeiros semestre acabam se sentindo perdidos e que n√£o se encaixam no lugar, e muitas vezes professores que agem como somente uma faculdade de gradua√ß√£o esquece que muitas vezes a realidade de ensino anterior daquela pessoa n√£o chega nem perto com este. E isso desanima e acaba ocorrendo uma parte da evas√£o.",Sim
11/07/2025 08:38:25,T√©cnico em Edifica√ß√µes,1,15,Mulher/Cisg√™nero,Branca,Sim,Sim,Jardim,Entre 4 e 6 sal√°rios m√≠nimos (R$ 5.649 - R$ 8.472),N√£o,J√° solicitei e aguardo resposta,Influ√™ncia de amigos ou familiares,5,"N√£o, nunca",,4,4,4,roda de conversa com psic√≥logos (incluindo din√¢micas),N√£o
11/07/2025 08:46:23,T√©cnico em Edifica√ß√µes,5,17,Mulher/Cisg√™nero,Branca,N√£o,Sim,Jardim,Acima de 6 sal√°rios m√≠nimos (mais de R$ 8.472),N√£o,N√£o,"Era a √∫nica op√ß√£o de curso que passei, Gratuidade do ensino, Qualidade reconhecida da institui√ß√£o/curso",5,"N√£o, nunca",,3,4,4,Disponibilizar comida.,N√£o
11/07/2025 09:11:27,Arquitetura e Urbanismo,4,Jardim,Homem,Branca,N√£o,Sim,Jardim,Acima de 6 sal√°rios m√≠nimos (mais de R$ 8.472),"Sim, em meio per√≠odo",N√£o,"Gratuidade do ensino, Qualidade reconhecida da institui√ß√£o/curso",5,"N√£o, nunca",,4,5,5,proporcionar mais o envolvimento do aluno no campus; oferecer mais infraestrutura.,N√£o
11/07/2025 09:13:31,Arquitetura e Urbanismo,3,30,Mulher/Cisg√™nero,Parda,N√£o,Sim,Jardim,Prefiro n√£o informar,"N√£o, mas estou procurando",N√£o,Afinidade com a √°rea,4,"N√£o, nunca",,3,4,5,Incentivos financeiros ,N√£o
11/07/2025 09:15:22,Arquitetura e Urbanismo,4,23,Homem,Parda,N√£o,Sim,Jardim MS,At√© 1 sal√°rio m√≠nimo (R$ 1.412),"Sim, em meio per√≠odo",Sim,"Afinidade com a √°rea, Potencial de carreira / mercado de trabalho",4,"N√£o, nunca",,3,4,3,"Afinidade pessoal, muitas pessoas que se matriculam s√≥ fazem por ter esse curso, mas devem levar em considera√ß√£o que nem todos de jardim querem fazer/ser arquiteto ",N√£o
11/07/2025 09:16:51,Arquitetura e Urbanismo,4,54,Homem,Parda,Sim,Sim,Jardim ,Entre 1 e 2 sal√°rios m√≠nimos (R$ 1.413 - R$ 2.824),"Sim, em meio per√≠odo",N√£o,Afinidade com a √°rea,4,"Sim, algumas vezes","Dificuldades financeiras, Dificuldade em conciliar trabalho e estudos, Dificuldade de aprendizado nas disciplinas",4,4,5,Divulga√ß√£o do que √© exatamente o curso de arquitetura e urbanismo ,Talvez
11/07/2025 10:45:31,T√©cnico em Edifica√ß√µes,3,16,Mulher/Cisg√™nero,Parda,N√£o,N√£o,Guia Lopes da Laguna ,Prefiro n√£o informar,"N√£o, mas estou procurando",N√£o,Era a √∫nica op√ß√£o de curso que passei,3,"Sim, v√°rias vezes","Dificuldades financeiras, Recebi uma proposta de emprego",3,4,3,"Dar mais aux√≠lios financeiros
Ter √¥nibus mais vezes ao dia, pois fica dif√≠cil vir na escola quando n√£o tem √¥nibus atarde, gll e um pouco longe para vir de a p√©",Sim
11/07/2025 11:00:38,T√©cnico em Edifica√ß√µes,1,16,Homem,Branca,N√£o,N√£o,Jardim,Prefiro n√£o informar,"N√£o, mas estou procurando",N√£o,"Influ√™ncia de amigos ou familiares, Qualidade reconhecida da institui√ß√£o/curso",4,"N√£o, nunca",,4,4,4,Lanche,N√£o
11/07/2025 11:17:14,T√©cnico em Edifica√ß√µes,3,18 anos ,Mulher/Cisg√™nero,Indigena,N√£o,N√£o,Guia Lopes da Laguna ,At√© 1 sal√°rio m√≠nimo (R$ 1.412),"N√£o, mas estou procurando",N√£o,Potencial de carreira / mercado de trabalho,3,"Sim, v√°rias vezes","Dificuldade de aprendizado nas disciplinas, Problemas de relacionamento com colegas",5,5,4,Dar mais aux√≠lios financeiros para os alunos ,Sim
11/07/2025 11:51:20,T√©cnico em Edifica√ß√µes,5,17,Transg√™nero,Branca,N√£o,Sim,Jardim ,Entre 1 e 2 sal√°rios m√≠nimos (R$ 1.413 - R$ 2.824),"Sim, em meio per√≠odo",Sim,Gratuidade do ensino,3,"Sim, v√°rias vezes","Decep√ß√£o com a qualidade ou conte√∫do do curso, Dificuldade de aprendizado nas disciplinas, Problemas de relacionamento com colegas",5,5,1,"Ajudar alunos com mais dificuldades em aprendizagem. Melhores meios de transporte, afinal somos obrigados a ter aula a tarde e n√£o tem √¥nibus pra parte da tarde, apenas de manh√£",Sim
11/07/2025 21:38:19,T√©cnico em Inform√°tica (Proeja),6,34,Mulher/Cisg√™nero,Parda,N√£o,N√£o,Jardim ,Prefiro n√£o informar,N√£o,Sim,Influ√™ncia de amigos ou familiares,5,"Sim, algumas vezes",Filhos em casa ,5,5,3,"Na verdade acredito que os alunos est√£o muito bem tratados aqui, ainda por cima remunerados com bolsas. Acredito que eles precisam acreditar no seu potencial e seguir firmes.",Talvez
12/07/2025 21:57:35,T√©cnico em Edifica√ß√µes,1,14 anos ,Mulher/Cisg√™nero,Parda,N√£o,Sim,Jardim,Entre 4 e 6 sal√°rios m√≠nimos (R$ 5.649 - R$ 8.472),N√£o,N√£o,Potencial de carreira / mercado de trabalho,5,"N√£o, nunca",,5,4,4,"Mais conversas/palestras sobre esse assunto, busca por entender os alunos que acabam de entrar na institui√ß√£o e mostrar o acolhimento do campus e como √© bom estar no IF (tanto por ter passado quanto pelo ambiente e estudo)",N√£o
16/07/2025 11:36:33,Licenciatura em Ci√™ncia da Computa√ß√£o,5,30,Homem,Parda,Sim,Sim,Nioaque ,Prefiro n√£o informar,N√£o,Sim,Afinidade com a √°rea,4,"N√£o, nunca",,4,4,3,"Cada pessoa desiste por um ou v√°rios motivos. Dependendo da id√©ia pode n√£o atender todas as necessidades. E minha opini√£o √©  a ORIENTA√á√ÉO para essas pessoas procurarem os √≥rg√£os sociais, sa√∫de, benef√≠cios entre outros. Primeiro orientar para ter o resultado da mudan√ßa pessoal. S√≥ que precisa ter profissionais com compet√™ncias e habilidades E por em PR√ÅTICA, a constru√ß√£o do ser humano n√£o se faz sozinho. 
Como se diz muito se fala mas pouco se faz. ",N√£o
24/07/2025 11:28:18,T√©cnico em Edifica√ß√µes,1,15,Homem,Branca,N√£o,N√£o,Jardim,At√© 1 sal√°rio m√≠nimo (R$ 1.412),N√£o,N√£o,Qualidade reconhecida da institui√ß√£o/curso,5,"N√£o, nunca",,4,3,2,"Ajudar eles com suas dificuldades, os dando conselhos de estudo ou algo assim.",N√£o
20/08/2025 20:27:35,Licenciatura em Ci√™ncia da Computa√ß√£o,2,18,Mulher/Cisg√™nero,Parda,N√£o,Sim,Jardim,Entre 1 e 2 sal√°rios m√≠nimos (R$ 1.413 - R$ 2.824),N√£o,N√£o,Potencial de carreira / mercado de trabalho,5,"N√£o, nunca",,5,5,5,Ter transportes p√∫blico ,N√£o
20/08/2025 20:28:18,Licenciatura em Ci√™ncia da Computa√ß√£o,1,18,Transg√™nero,Branca,N√£o,Talvez,jardim,Entre 4 e 6 sal√°rios m√≠nimos (R$ 5.649 - R$ 8.472),"Sim, em meio per√≠odo",N√£o,"Afinidade com a √°rea, Potencial de carreira / mercado de trabalho, Qualidade reconhecida da institui√ß√£o/curso",5,"N√£o, nunca",,4,5,5,fornecer mais bolsas pra aqueles que precisam ,N√£o
20/08/2025 20:28:52,Licenciatura em Ci√™ncia da Computa√ß√£o,2,18,H√©tero,Branca,N√£o,Sim,Jardim-MS,Acima de 6 sal√°rios m√≠nimos (mais de R$ 8.472),N√£o,Sim,Influ√™ncia de amigos ou familiares,5,"N√£o, nunca",,4,4,3,Bandej√£o(lanche free)ü•∏‚òùÔ∏è,N√£o
20/08/2025 20:29:01,Licenciatura em Ci√™ncia da Computa√ß√£o,2,18,Homem,Parda,N√£o,Sim,Jardim,Entre 2 e 4 sal√°rios m√≠nimos (R$ 2.825 - R$ 5.648),"N√£o, mas estou procurando",Sim,"Afinidade com a √°rea, Potencial de carreira / mercado de trabalho, Gratuidade do ensino",3,"Sim, algumas vezes",interesse em outro curso,4,5,5,n√£o sei,Talvez
20/08/2025 20:29:08,Licenciatura em Ci√™ncia da Computa√ß√£o,2,17,Homem,Branca,N√£o,Sim,Bela-Vista,Entre 1 e 2 sal√°rios m√≠nimos (R$ 1.413 - R$ 2.824),"Sim, em meio per√≠odo",N√£o,"Gratuidade do ensino, Influ√™ncia de amigos ou familiares",3,"Sim, algumas vezes","Dificuldade em conciliar trabalho e estudos, Dificuldade de aprendizado nas disciplinas",4,4,3,N√£o sei.,Talvez
20/08/2025 20:29:24,Licenciatura em Ci√™ncia da Computa√ß√£o,2,20 anos,Homem,Branca,N√£o,Sim,Jardim MS ,Prefiro n√£o informar,N√£o,N√£o,"Afinidade com a √°rea, Proximidade da minha casa, Gratuidade do ensino",5,"N√£o, nunca",,4,5,3,"Talvez ter mais momentos de intera√ß√£o entre as turmas. Pois em 15 minutos de intervalo, muitas vezes n√£o conseguimos socializar com os colegas. ",N√£o
20/08/2025 20:29:38,Licenciatura em Ci√™ncia da Computa√ß√£o,2,36,Mulher/Cisg√™nero,Preta,Sim,Sim,Jardim,Acima de 6 sal√°rios m√≠nimos (mais de R$ 8.472),"Sim, em per√≠odo integral",Sim,Proximidade da minha casa,3,"Sim, v√°rias vezes","Dificuldade em conciliar trabalho e estudos, Recebi uma proposta de emprego, Dificuldade de deslocamento para institui√ß√£o ",4,3,2,N√£o interajo o suficiente com os demais para detectar esses problemas. ,Sim
20/08/2025 20:29:43,Licenciatura em Ci√™ncia da Computa√ß√£o,2,46,Homem,Branca,N√£o,Talvez,Jardim,Prefiro n√£o informar,"Sim, em per√≠odo integral",N√£o,Gratuidade do ensino,4,"N√£o, nunca",,4,5,2,Acompanhar caso a caso,N√£o
20/08/2025 20:31:29,Licenciatura em Ci√™ncia da Computa√ß√£o,2,20,Homem,Branca,N√£o,Talvez,Jardim ,Entre 4 e 6 sal√°rios m√≠nimos (R$ 5.649 - R$ 8.472),"Sim, em per√≠odo integral",N√£o,"Potencial de carreira / mercado de trabalho, Gratuidade do ensino, Influ√™ncia de amigos ou familiares, Qualidade reconhecida da institui√ß√£o/curso",4,"N√£o, nunca",,5,5,3,N√£o sei informar ,N√£o
20/08/2025 20:31:37,Licenciatura em Ci√™ncia da Computa√ß√£o,2,18,Mulher/Cisg√™nero,Branca,N√£o,Sim,Jardim ,Entre 2 e 4 sal√°rios m√≠nimos (R$ 2.825 - R$ 5.648),"Sim, em per√≠odo integral",N√£o,Influ√™ncia de amigos ou familiares,3,"Sim, v√°rias vezes","Dificuldades financeiras, Dificuldade em conciliar trabalho e estudos, Dificuldade de aprendizado nas disciplinas, Problemas de relacionamento com professores, Recebi uma proposta de emprego",4,4,2,"Intera√ß√µes pelo p√°tio como jogos, √°rea pra descanso ou at√© mesmo distra√ß√£o para que o c√©rebro descanse entre os intervalos fazendo com que n√£o se torne t√£o cansativo e mon√≥tono ",Sim
20/08/2025 20:31:38,Licenciatura em Ci√™ncia da Computa√ß√£o,2,30,Homem,Preta,N√£o,Sim,Jardim ,Entre 2 e 4 sal√°rios m√≠nimos (R$ 2.825 - R$ 5.648),"Sim, em per√≠odo integral",N√£o,Afinidade com a √°rea,4,"N√£o, nunca",,4,5,3,Incentivar a participa√ß√£o do aluno em projetos e flexibilidade das avalia√ß√µes ,N√£o
20/08/2025 20:33:47,Licenciatura em Ci√™ncia da Computa√ß√£o,2,19 anos,Mulher/Cisg√™nero,Branca,N√£o,Sim,Jardim MS,Prefiro n√£o informar,"N√£o, mas estou procurando",N√£o,"Potencial de carreira / mercado de trabalho, Influ√™ncia de amigos ou familiares",4,"Sim, v√°rias vezes","Dificuldade de aprendizado nas disciplinas, Problemas de relacionamento com professores",4,5,2,"Em rela√ß√£o a mat√©rias que tem dificuldade, acho que a maioria das pessoas desistiram por causa de mat√©ria que n√£o conseguiram terminar ou at√© mesmo entender. Talvez para melhorar esses problemas, uma nova forma de avalia√ß√£o desses alunos ou outras forma de apresentar os conte√∫dos com outra tem√°tica. Por exemplo, a mat√©ria mais lastim√°vel √© matem√°tica, poderia melhorar essa mat√©ria em quest√£o t√° avalia√ß√£o e com o conte√∫do √© passado a n√≥s!!!",Sim
20/08/2025 20:35:39,Licenciatura em Ci√™ncia da Computa√ß√£o,2,17,Mulher/Cisg√™nero,Parda,N√£o,Sim,Bela Vista ,Entre 2 e 4 sal√°rios m√≠nimos (R$ 2.825 - R$ 5.648),"N√£o, mas estou procurando",N√£o,Potencial de carreira / mercado de trabalho,3,"N√£o, nunca",,4,4,4,Conversar com o aluno sobre o seu problema e tentar achar uma solu√ß√£o. ,N√£o
20/08/2025 20:36:08,Licenciatura em Ci√™ncia da Computa√ß√£o,2,17,Homem,Parda,N√£o,Sim,Jardim,Acima de 6 sal√°rios m√≠nimos (mais de R$ 8.472),"Sim, em per√≠odo integral",J√° solicitei e aguardo resposta,"Afinidade com a √°rea, Potencial de carreira / mercado de trabalho, Proximidade da minha casa, Gratuidade do ensino",5,"Sim, algumas vezes",Dificuldade em conciliar trabalho e estudos,2,5,3,Quadra coberta para esportes,Talvez
20/08/2025 20:36:42,Licenciatura em Ci√™ncia da Computa√ß√£o,2,19,Homem,Branca,N√£o,N√£o,Jardim MS,At√© 1 sal√°rio m√≠nimo (R$ 1.412),"Sim, em per√≠odo integral",Sim,"Afinidade com a √°rea, Potencial de carreira / mercado de trabalho, Gratuidade do ensino, Qualidade reconhecida da institui√ß√£o/curso",5,"N√£o, nunca",,5,5,3,"Cursos de instru√ß√£o sobre organiza√ß√£o da vida academica, como o uso dos sites institucionais e uso de servi√ßos de nuvem, al√©m de alfabetiza√ß√£o digital",N√£o
20/08/2025 20:38:21,Licenciatura em Ci√™ncia da Computa√ß√£o,2,25,Homem,Branca,N√£o,Sim,Jardim,Entre 4 e 6 sal√°rios m√≠nimos (R$ 5.649 - R$ 8.472),"Sim, em per√≠odo integral",N√£o,"Afinidade com a √°rea, Era a √∫nica op√ß√£o de curso que passei, Gratuidade do ensino, Qualidade reconhecida da institui√ß√£o/curso",2,"Sim, algumas vezes","Dificuldade em conciliar trabalho e estudos, Problemas de sa√∫de (f√≠sica ou mental)",4,4,5,"Derem vis√µes de profiss√µes que se podem ter ao concluir o curso, incentivando o est√°gio logo no in√≠cio do curso. Acho que estar no curso e s√≥ ter a √°rea de ensino como finalidade pode nos deixar meio que perdidos ",Talvez
20/08/2025 20:40:49,T√©cnico em Inform√°tica (Proeja),1,21,Homem,Parda,N√£o,Talvez,Assentamento rio feio ,Entre 1 e 2 sal√°rios m√≠nimos (R$ 1.413 - R$ 2.824),"N√£o, mas estou procurando",N√£o,"Afinidade com a √°rea, Potencial de carreira / mercado de trabalho, Proximidade da minha casa, Gratuidade do ensino",5,"N√£o, nunca",,5,5,3,Ajustes nos hor√°rios de aula para os alunos que moram em fazenda ,N√£o
20/08/2025 21:57:10,T√©cnico em Inform√°tica,8,50,Homem,Parda,N√£o,N√£o,Jardim,At√© 1 sal√°rio m√≠nimo (R$ 1.412),"Sim, em per√≠odo integral",N√£o,Afinidade com a √°rea,5,"N√£o, nunca",,5,5,5,Incentivar a nso desistirem,N√£o
21/08/2025 00:25:34,Licenciatura em Ci√™ncia da Computa√ß√£o,2,18,Homem,Branca,N√£o,Sim,Guia Lopes da Laguna,Prefiro n√£o informar,"N√£o, mas estou procurando",N√£o,"Afinidade com a √°rea, Gratuidade do ensino, Influ√™ncia de amigos ou familiares",4,"N√£o, nunca",,3,5,5,Flexibilidade do hor√°rio de aula/curso,N√£o
21/08/2025 15:52:37,T√©cnico em Inform√°tica (Proeja),1,24,Mulher/Cisg√™nero,Branca,N√£o,N√£o,Jardim ,At√© 1 sal√°rio m√≠nimo (R$ 1.412),N√£o,N√£o,Afinidade com a √°rea,5,"N√£o, nunca",,5,5,3,"Encentiva - Los eles a cada vez mais para estuda - Los , para n√£o tentarem desistir do curso . ",N√£o
